{
	"CdSe":{
		"delta": 0.306545,
		"rho": 5810,
		"Cp": 490,
		"conductivity": 4,
		"alpha": 6.26e-6,
		"E": 42e9,
		"nu": 0.37,
		"k": 670
	},
	"ZnSe":{
		"delta": 0.221633,
		"rho": 5260,
		"Cp": 340,
		"conductivity": 18,
		"alpha": 7.3e-6,
		"E": 29.1e9,
		"nu": 0.3,
		"k": 804
	}
}
